url,source,gsc_clicks,gsc_impressions,status,title,description,canonical,robots,og,twitter,h1,h2,h3_count,schema,internal_links,external_links,images,images_without_alt,forms,hidden_fields,scripts
https://floridabasketballjerseys.com/,"sitemap, gsc",10.0,471.0,200,Florida Basketball Jerseys | Custom Uniforms &amp; Fast Turnaround,"Custom basketball jerseys Florida with sublimation printing, team uniforms, and personalized designs. High-quality sportswear!",https://floridabasketballjerseys.com/,"index, follow, max-image-preview:large, max-snippet:-1, max-video-preview:-1","description=Custom basketball jerseys Florida with sublimation printing, team uniforms, and personalized designs. High-quality sportswear! | locale=en_US | site_name=Florida Basktetball Jerseys | title=Florida Basketball Jerseys | Custom Uniforms &amp; Fast Turnaround | type=website | url=https://floridabasketballjerseys.com/",card=summary_large_image,Custom Basketball Jerseys Built to Win,"Your Design. Your Colors. || Find the Right JerseyFor Your Team || Built forFloridaTeams. || Every Detail,Your Way || From Design to Deliveryin 4 Steps || Outfitting EntirePrograms,Not Just Players || Not Sure WhichStyle to Order? || Custom Quality vs.Off-the-Shelf. The Difference Is Clear. || Explore EveryJersey Style || What Florida TeamsAre Saying || Serving FloridaBasketballSince Day One || Ready toOutfit YourTeam? || FrequentlyAsked Questions",19,"FAQPage,LocalBusiness,Organization",183,0,0,0,0,0,27
https://floridabasketballjerseys.com/404/,navigation/internal,0,0,200,Page not found - Florida Basktetball Jerseys,,,"noindex, follow",locale=en_US | site_name=Florida Basktetball Jerseys | title=Page not found - Florida Basktetball Jerseys,,Oops! That page can&rsquo;t be found.,New In Store || Mesh Basketball Tank Top || Grey Basketball Jersey || Product Categories || Product categories || Popular Products || Performance Basketball Tank Top || Training Basketball Shorts || Sleeveless Basketball Tank Top || Mesh Basketball Shorts,0,LocalBusiness,101,0,6,0,1,1,27
https://floridabasketballjerseys.com/about/,"sitemap, gsc",0.0,2.0,200,About - Florida Basktetball Jerseys,,https://floridabasketballjerseys.com/about/,"index, follow, max-image-preview:large, max-snippet:-1, max-video-preview:-1","description=Our Story Built forFloridaBasketball We&#8217;re a Florida-focused custom jersey supplier built around one mission: making it simple for coaches, athletic directors, and program managers to get professional custom uniforms — without hidden fees, template restrictions, or the runaround. Get a Free Quote Browse Our Jerseys Florida Basketball Jerseys — At a Glance Based in Orlando, [&hellip;] | locale=en_US | site_name=Florida Basktetball Jerseys | title=About - Florida Basktetball Jerseys | type=article | url=https://floridabasketballjerseys.com/about/",card=summary_large_image | data1=13 minutes | label1=Est. reading time,Built forFloridaBasketball,Florida's DedicatedBasketball Jersey Supplier || How We Got Here || What Makes Us Different || Every City.Every Program.Every Season. || Meet Our Team || Let's Build YourTeam's Jerseys,0,LocalBusiness,85,0,0,0,0,0,27
https://floridabasketballjerseys.com/brand/florida-basketball-jerseys/,"sitemap, gsc",0.0,4.0,200,Florida Basketball Jerseys Archives - Florida Basktetball Jerseys,,https://floridabasketballjerseys.com/brand/florida-basketball-jerseys/,"index, follow, max-image-preview:large, max-snippet:-1, max-video-preview:-1",locale=en_US | site_name=Florida Basktetball Jerseys | title=Florida Basketball Jerseys Archives - Florida Basktetball Jerseys | type=article | url=https://floridabasketballjerseys.com/brand/florida-basketball-jerseys/,card=summary_large_image,Florida Basketball Jerseys,Basketball Game Shorts || Basketball Practice Jerseys || Basketball Practice Shorts || Basketball Training Jerseys || Basketball Warm Up Jerseys || Black Basketball Jersey || Blank Basketball Jerseys || Blue Basketball Jersey || Camo Basketball Jerseys || Green Basketball Jersey || Grey Basketball Jersey || Lightweight Basketball Jerseys || Lightweight Basketball Shirt || Lightweight Basketball Shorts || Long Sleeve Basketball Jerseys || Long Sleeve Basketball Shirt,0,LocalBusiness,119,0,17,0,2,2,27
https://floridabasketballjerseys.com/brand/florida-basketball-jerseys/page/2/,sitemap,0,0,200,Florida Basketball Jerseys Archives - Page 2 of 3 - Florida Basktetball Jerseys,,https://floridabasketballjerseys.com/brand/florida-basketball-jerseys/page/2/,"index, follow, max-image-preview:large, max-snippet:-1, max-video-preview:-1",locale=en_US | site_name=Florida Basktetball Jerseys | title=Florida Basketball Jerseys Archives - Page 2 of 3 - Florida Basktetball Jerseys | type=article | url=https://floridabasketballjerseys.com/brand/florida-basketball-jerseys/,card=summary_large_image,Florida Basketball Jerseys,Men Basketball Uniforms || Mesh Basketball Jerseys || Mesh Basketball Shorts || Mesh Basketball Tank Top || Moisture Wicking Basketball Shirt || Orange Basketball Jersey || Performance Basketball Tank Top || Pink Basketball Jerseys || Plain Basketball Jerseys || Purple Basketball Jersey || Red Basketball Uniform || Reversible Basketball Jerseys || Reversible Basketball Uniforms || Short Sleeve Basketball Jerseys || Short Sleeve Basketball Shirt || Sleeveless Basketball Jerseys,0,LocalBusiness,121,0,17,0,2,2,27
https://floridabasketballjerseys.com/brand/florida-basketball-jerseys/page/3/,sitemap,0,0,200,Florida Basketball Jerseys Archives - Page 3 of 3 - Florida Basktetball Jerseys,,https://floridabasketballjerseys.com/brand/florida-basketball-jerseys/page/3/,"index, follow, max-image-preview:large, max-snippet:-1, max-video-preview:-1",locale=en_US | site_name=Florida Basktetball Jerseys | title=Florida Basketball Jerseys Archives - Page 3 of 3 - Florida Basktetball Jerseys | type=article | url=https://floridabasketballjerseys.com/brand/florida-basketball-jerseys/,card=summary_large_image,Florida Basketball Jerseys,Sleeveless Basketball Tank Top || Sublimated Basketball Jerseys || Training Basketball Shirt || Training Basketball Shorts || White Basketball Shirt || Women Basketball Uniforms || Yellow Basketball Uniform || Youth Basketball Jerseys || Youth Basketball Uniforms || Youth Practice Basketball Jerseys,0,LocalBusiness,107,0,11,0,2,2,27
https://floridabasketballjerseys.com/cart/,navigation/internal,0,0,200,Cart - Florida Basktetball Jerseys,,https://floridabasketballjerseys.com/cart/,"noindex, follow",locale=en_US | site_name=Florida Basktetball Jerseys | title=Cart - Florida Basktetball Jerseys | type=article | url=https://floridabasketballjerseys.com/cart/,card=summary_large_image,Cart,Your cart is currently empty! || New in store,0,LocalBusiness,89,0,4,0,0,0,79
https://floridabasketballjerseys.com/checkout/,navigation/internal,0,0,200,Checkout - Florida Basktetball Jerseys,,https://floridabasketballjerseys.com/checkout/,"noindex, follow",locale=en_US | site_name=Florida Basktetball Jerseys | title=Checkout - Florida Basktetball Jerseys | type=article | url=https://floridabasketballjerseys.com/checkout/,card=summary_large_image,Checkout,,0,LocalBusiness,81,0,0,0,0,0,79
https://floridabasketballjerseys.com/contact/,sitemap,0,0,200,Contact - Florida Basktetball Jerseys,,https://floridabasketballjerseys.com/contact/,"index, follow, max-image-preview:large, max-snippet:-1, max-video-preview:-1","description=Now Accepting Orders Get in TouchWith Our Team Have a question about your order, a custom jersey idea, or just want to know if we can hit your deadline? We respond to every enquiry within 24 hours. Fill in the form below or reach us directly. (407) 555-0192 info@floridabasketballjerseys.com Orlando, FL 32806 Send Us a [&hellip;] | locale=en_US | site_name=Florida Basktetball Jerseys | title=Contact - Florida Basktetball Jerseys | type=article | url=https://floridabasketballjerseys.com/contact/",card=summary_large_image | data1=11 minutes | label1=Est. reading time,Get in TouchWith Our Team,,0,LocalBusiness,92,0,0,0,1,0,27
https://floridabasketballjerseys.com/cookie-policy/,sitemap,0,0,200,Cookie Policy - Florida Basktetball Jerseys,,https://floridabasketballjerseys.com/cookie-policy/,"index, follow, max-image-preview:large, max-snippet:-1, max-video-preview:-1","description=Home › Cookie Policy Legal Document CookiePolicy Last updated: January 1, 2025 Effective: January 1, 2025 Florida Basketball Jerseys — Orlando, FL Essential Cookies Always Active Analytics Cookies Optional Preference Cookies Optional Marketing Cookies Consent Required Florida Basketball Jerseys — Cookie Policy Last updated: January 1, 2025 Effective: January 1, 2025 This Cookie Policy explains [&hellip;] | locale=en_US | site_name=Florida Basktetball Jerseys | title=Cookie Policy - Florida Basktetball Jerseys | type=article | url=https://floridabasketballjerseys.com/cookie-policy/",card=summary_large_image | data1=16 minutes | label1=Est. reading time,CookiePolicy,Who We Are || Types of Cookies We Use || Third-Party Cookies &amp; Services || How Long Cookies Are Stored || Your Cookie Choices &amp; How to Manage Them || Do Not Track (DNT) Signals || Cookies &amp; Your Privacy || Updates to This Cookie Policy || Contact Us About Cookies,0,LocalBusiness,94,11,0,0,0,0,27
https://floridabasketballjerseys.com/disclaimer/,sitemap,0,0,200,Disclaimer - Florida Basktetball Jerseys,,https://floridabasketballjerseys.com/disclaimer/,"index, follow, max-image-preview:large, max-snippet:-1, max-video-preview:-1","description=Home › Disclaimer Legal Document LegalDisclaimer Last updated: January 1, 2025 Effective: January 1, 2025 Florida Basketball Jerseys — Orlando, FL No Warranties Given Website content is provided &#8220;as is&#8221; without guarantee Liability Limited Our liability is limited to the value of your order External Links Disclaimed We are not responsible for third-party websites Florida [&hellip;] | locale=en_US | site_name=Florida Basktetball Jerseys | title=Disclaimer - Florida Basktetball Jerseys | type=article | url=https://floridabasketballjerseys.com/disclaimer/",card=summary_large_image | data1=16 minutes | label1=Est. reading time,LegalDisclaimer,General Information Only || No Warranties || Limitation of Liability || Pricing &amp; Product Information || Testimonials &amp; Customer Reviews || External Links &amp; Third-Party Websites || Intellectual Property Disclaimer || Website Availability &amp; Technical Issues || This Disclaimer Applies To || Governing Law || Changes to This Disclaimer || Contact Us,0,LocalBusiness,100,0,0,0,0,0,27
https://floridabasketballjerseys.com/faq/,"sitemap, gsc",0.0,1.0,200,FAQ - Florida Basktetball Jerseys,,https://floridabasketballjerseys.com/faq/,"index, follow, max-image-preview:large, max-snippet:-1, max-video-preview:-1","description=Home › FAQ Common Questions Frequently AskedQuestions Everything Florida coaches, athletic directors, and program managers ask before placing their first custom jersey order. Can&#8217;t find your answer? Ask us directly. All Questions 25 Ordering 7 Design 5 Products 5 Shipping 4 Payment 4 No Questions Found Try a different search term or browse all categories. [&hellip;] | locale=en_US | site_name=Florida Basktetball Jerseys | title=FAQ - Florida Basktetball Jerseys | type=article | url=https://floridabasketballjerseys.com/faq/",card=summary_large_image | data1=18 minutes | label1=Est. reading time,Frequently AskedQuestions,Still Have Questions?Just Ask Us Directly.,0,"FAQPage,LocalBusiness",102,0,0,0,0,0,27
https://floridabasketballjerseys.com/get-a-quote/,sitemap,0,0,200,Get A Quote - Florida Basktetball Jerseys,,https://floridabasketballjerseys.com/get-a-quote/,"index, follow, max-image-preview:large, max-snippet:-1, max-video-preview:-1","description=Custom Team Order Form Request a Free Quote Tell us what you need and our team will review your request, prepare pricing, and send your quote to the inbox you monitor. No payment is required at this stage. Get Pricing Start Your Jersey Quote Fill in the details below and we’ll email your quote request [&hellip;] | locale=en_US | site_name=Florida Basktetball Jerseys | title=Get A Quote - Florida Basktetball Jerseys | type=article | url=https://floridabasketballjerseys.com/get-a-quote/",card=summary_large_image | data1=5 minutes | label1=Est. reading time,Request a Free Quote,,0,LocalBusiness,81,0,0,0,1,0,27
https://floridabasketballjerseys.com/how-it-works/,sitemap,0,0,200,How It Works - Florida Basktetball Jerseys,,https://floridabasketballjerseys.com/how-it-works/,"index, follow, max-image-preview:large, max-snippet:-1, max-video-preview:-1","description=Home › How It Works Simple 4-Step Process From Idea toCourt-Readyin 4 Steps Ordering custom basketball jerseys should not be complicated. We&#8217;ve built our entire process around making it as easy as possible for Florida coaches, athletic directors, and program managers — from your first message to your team wearing the finished jerseys. Start with [&hellip;] | locale=en_US | site_name=Florida Basktetball Jerseys | title=How It Works - Florida Basktetball Jerseys | type=article | url=https://floridabasketballjerseys.com/how-it-works/",card=summary_large_image | data1=16 minutes | label1=Est. reading time,From Idea toCourt-Readyin 4 Steps,Every Step Explained || We Keep It Simple || How Long Does It Take? || Built Around Your Season Schedule || Step 1 TakesLess Than 2 Minutes,0,LocalBusiness,88,0,0,0,0,0,27
https://floridabasketballjerseys.com/my-account/,navigation/internal,0,0,200,My account - Florida Basktetball Jerseys,,https://floridabasketballjerseys.com/my-account/,"noindex, follow",locale=en_US | site_name=Florida Basktetball Jerseys | title=My account - Florida Basktetball Jerseys | type=article | url=https://floridabasketballjerseys.com/my-account/,card=summary_large_image,My account,Login,0,LocalBusiness,82,0,0,0,1,2,29
https://floridabasketballjerseys.com/my-account/lost-password/,navigation/internal,0,0,200,My account - Florida Basktetball Jerseys,,https://floridabasketballjerseys.com/my-account/,"noindex, follow",locale=en_US | site_name=Florida Basktetball Jerseys | title=My account - Florida Basktetball Jerseys | type=article | url=https://floridabasketballjerseys.com/my-account/,card=summary_large_image,Lost password,,0,LocalBusiness,81,0,0,0,1,3,33
https://floridabasketballjerseys.com/privacy-policy/,"sitemap, gsc",0.0,1.0,200,Privacy Policy - Florida Basktetball Jerseys,,https://floridabasketballjerseys.com/privacy-policy/,"index, follow, max-image-preview:large, max-snippet:-1, max-video-preview:-1","description=Home › Privacy Policy Legal Document PrivacyPolicy Last updated: January 1, 2025 Effective: January 1, 2025 Florida Basketball Jerseys — Orlando, FL Florida Basketball Jerseys — Privacy Policy Last updated: January 1, 2025 Effective: January 1, 2025 At Florida Basketball Jerseys, we take your privacy seriously. This Privacy Policy explains what personal information we collect, [&hellip;] | locale=en_US | site_name=Florida Basktetball Jerseys | title=Privacy Policy - Florida Basktetball Jerseys | type=article | url=https://floridabasketballjerseys.com/privacy-policy/",card=summary_large_image | data1=15 minutes | label1=Est. reading time,PrivacyPolicy,Who We Are || What Information We Collect || How We Use Your Information || How We Share Your Information || Cookies &amp; Tracking Technologies || Data Retention || Data Security || Your Privacy Rights || Children's Privacy || Third-Party Links &amp; Services || International Data Transfers || Changes to This Privacy Policy || Contact Us About Your Privacy,0,LocalBusiness,96,0,0,0,0,0,27
https://floridabasketballjerseys.com/product-category/basketball-shirts/,"sitemap, gsc",0.0,8.0,200,Basketball Shirts Archives - Florida Basktetball Jerseys,,https://floridabasketballjerseys.com/product-category/basketball-shirts/,"index, follow, max-image-preview:large, max-snippet:-1, max-video-preview:-1",locale=en_US | site_name=Florida Basktetball Jerseys | title=Basketball Shirts Archives - Florida Basktetball Jerseys | type=article | url=https://floridabasketballjerseys.com/product-category/basketball-shirts/,card=summary_large_image,Basketball Shirts,Lightweight Basketball Shirt || Long Sleeve Basketball Shirt || Moisture Wicking Basketball Shirt || Short Sleeve Basketball Shirt || Training Basketball Shirt,0,"ItemList,LocalBusiness",91,0,5,0,2,2,27
https://floridabasketballjerseys.com/product-category/basketball-shorts/,"sitemap, gsc",0.0,9.0,200,Basketball Shorts Archives - Florida Basktetball Jerseys,,https://floridabasketballjerseys.com/product-category/basketball-shorts/,"index, follow, max-image-preview:large, max-snippet:-1, max-video-preview:-1",locale=en_US | site_name=Florida Basktetball Jerseys | title=Basketball Shorts Archives - Florida Basktetball Jerseys | type=article | url=https://floridabasketballjerseys.com/product-category/basketball-shorts/,card=summary_large_image,Basketball Shorts,Basketball Game Shorts || Basketball Practice Shorts || Lightweight Basketball Shorts || Mesh Basketball Shorts || Training Basketball Shorts,0,"ItemList,LocalBusiness",91,0,5,0,2,2,27
https://floridabasketballjerseys.com/product-category/basketball-tank-tops/,"sitemap, gsc",0.0,8.0,200,Basketball Tank Tops Archives - Florida Basktetball Jerseys,,https://floridabasketballjerseys.com/product-category/basketball-tank-tops/,"index, follow, max-image-preview:large, max-snippet:-1, max-video-preview:-1",locale=en_US | site_name=Florida Basktetball Jerseys | title=Basketball Tank Tops Archives - Florida Basktetball Jerseys | type=article | url=https://floridabasketballjerseys.com/product-category/basketball-tank-tops/,card=summary_large_image,Basketball Tank Tops,Mesh Basketball Tank Top || Performance Basketball Tank Top || Sleeveless Basketball Tank Top,0,"ItemList,LocalBusiness",87,0,3,0,2,2,27
https://floridabasketballjerseys.com/product-category/colored-jerseys-uniforms/,"sitemap, gsc",0.0,4.0,200,Colored Jerseys Uniforms Archives - Florida Basktetball Jerseys,,https://floridabasketballjerseys.com/product-category/colored-jerseys-uniforms/,"index, follow, max-image-preview:large, max-snippet:-1, max-video-preview:-1",locale=en_US | site_name=Florida Basktetball Jerseys | title=Colored Jerseys Uniforms Archives - Florida Basktetball Jerseys | type=article | url=https://floridabasketballjerseys.com/product-category/colored-jerseys-uniforms/,card=summary_large_image,Colored Jerseys Uniforms,Black Basketball Jersey || Blue Basketball Jersey || Camo Basketball Jerseys || Green Basketball Jersey || Grey Basketball Jersey || Orange Basketball Jersey || Pink Basketball Jerseys || Purple Basketball Jersey || Red Basketball Uniform || White Basketball Shirt || Yellow Basketball Uniform,0,"ItemList,LocalBusiness",103,0,11,0,2,2,27
https://floridabasketballjerseys.com/product-category/custom-printed-jerseys/,sitemap,0,0,200,Custom Printed Jerseys Archives - Florida Basktetball Jerseys,,https://floridabasketballjerseys.com/product-category/custom-printed-jerseys/,"index, follow, max-image-preview:large, max-snippet:-1, max-video-preview:-1",locale=en_US | site_name=Florida Basktetball Jerseys | title=Custom Printed Jerseys Archives - Florida Basktetball Jerseys | type=article | url=https://floridabasketballjerseys.com/product-category/custom-printed-jerseys/,card=summary_large_image,Custom Printed Jerseys,Basketball Warm Up Jerseys || Blank Basketball Jerseys || Lightweight Basketball Jerseys || Long Sleeve Basketball Jerseys || Mesh Basketball Jerseys || Plain Basketball Jerseys || Reversible Basketball Jerseys || Short Sleeve Basketball Jerseys || Sleeveless Basketball Jerseys || Sublimated Basketball Jerseys || Youth Basketball Jerseys,0,"ItemList,LocalBusiness",103,0,11,0,2,2,27
https://floridabasketballjerseys.com/product-category/custom-uniforms/,sitemap,0,0,200,Custom Uniforms Archives - Florida Basktetball Jerseys,,https://floridabasketballjerseys.com/product-category/custom-uniforms/,"index, follow, max-image-preview:large, max-snippet:-1, max-video-preview:-1",locale=en_US | site_name=Florida Basktetball Jerseys | title=Custom Uniforms Archives - Florida Basktetball Jerseys | type=article | url=https://floridabasketballjerseys.com/product-category/custom-uniforms/,card=summary_large_image,Custom Uniforms,Men Basketball Uniforms || Reversible Basketball Uniforms || Women Basketball Uniforms || Youth Basketball Uniforms,0,"ItemList,LocalBusiness",89,0,4,0,2,2,27
https://floridabasketballjerseys.com/product-category/practice-jerseys/,sitemap,0,0,200,Practice Jerseys Archives - Florida Basktetball Jerseys,,https://floridabasketballjerseys.com/product-category/practice-jerseys/,"index, follow, max-image-preview:large, max-snippet:-1, max-video-preview:-1",locale=en_US | site_name=Florida Basktetball Jerseys | title=Practice Jerseys Archives - Florida Basktetball Jerseys | type=article | url=https://floridabasketballjerseys.com/product-category/practice-jerseys/,card=summary_large_image,Practice Jerseys,Basketball Practice Jerseys || Basketball Training Jerseys || Youth Practice Basketball Jerseys,0,"ItemList,LocalBusiness",87,0,3,0,2,2,27
https://floridabasketballjerseys.com/product-category/uncategorized/,sitemap,0,0,200,Uncategorized Archives - Florida Basktetball Jerseys,,https://floridabasketballjerseys.com/product-category/uncategorized/,"index, follow, max-image-preview:large, max-snippet:-1, max-video-preview:-1",locale=en_US | site_name=Florida Basktetball Jerseys | title=Uncategorized Archives - Florida Basktetball Jerseys | type=article | url=https://floridabasketballjerseys.com/product-category/uncategorized/,card=summary_large_image,Uncategorized,,0,LocalBusiness,81,0,0,0,0,0,27
https://floridabasketballjerseys.com/product/,"sitemap, gsc",0.0,22.0,200,Products - Florida Basktetball Jerseys,,https://floridabasketballjerseys.com/product/,"index, follow, max-image-preview:large, max-snippet:-1, max-video-preview:-1",locale=en_US | site_name=Florida Basktetball Jerseys | title=Products - Florida Basktetball Jerseys | type=article | url=https://floridabasketballjerseys.com/product/,card=summary_large_image,Products,Basketball Game Shorts || Basketball Practice Jerseys || Basketball Practice Shorts || Basketball Training Jerseys || Basketball Warm Up Jerseys || Black Basketball Jersey || Blank Basketball Jerseys || Blue Basketball Jersey || Camo Basketball Jerseys || Green Basketball Jersey || Grey Basketball Jersey || Lightweight Basketball Jerseys || Lightweight Basketball Shirt || Lightweight Basketball Shorts || Long Sleeve Basketball Jerseys || Long Sleeve Basketball Shirt,0,"ItemList,LocalBusiness",119,0,16,0,2,2,27
https://floridabasketballjerseys.com/product/basketball-game-shorts/,"sitemap, gsc",4.0,111.0,200,Custom Basketball Game Shorts Florida | Florida Basketball Jerseys,"Order basketball game shorts in Florida with premium fabric, custom designs, and fast turnaround for teams, schools, and leagues.",https://floridabasketballjerseys.com/product/basketball-game-shorts/,"index, follow, max-image-preview:large, max-snippet:-1, max-video-preview:-1","description=Order basketball game shorts in Florida with premium fabric, custom designs, and fast turnaround for teams, schools, and leagues. | image=http://floridabasketballjerseys.com/wp-content/uploads/2026/02/Basketball-Shorts-Athletic-Motion.jpg | locale=en_US | site_name=Florida Basktetball Jerseys | title=Custom Basketball Game Shorts Florida | Florida Basketball Jerseys | type=article | url=https://floridabasketballjerseys.com/product/basketball-game-shorts/",card=summary_large_image,Basketball Game Shorts,What Is aSublimatedBasketball Jersey? || Full CustomisationOptions || Fabric &amp; Construction Details || Jersey Size Guide || Who This Jersey IsBest For || Related products || Lightweight Basketball Shorts || Mesh Basketball Shorts || Basketball Practice Shorts || Training Basketball Shorts,16,"LocalBusiness,Product",106,0,13,4,1,4,32
https://floridabasketballjerseys.com/product/basketball-practice-jerseys/,"sitemap, gsc",3.0,253.0,200,Custom Basketball Practice Jerseys Florida | Florida Basketball Jerseys,"Order basketball practice jerseys in Florida with premium fabric, custom designs, and fast turnaround for teams, schools, and leagues.",https://floridabasketballjerseys.com/product/basketball-practice-jerseys/,"index, follow, max-image-preview:large, max-snippet:-1, max-video-preview:-1","description=Order basketball practice jerseys in Florida with premium fabric, custom designs, and fast turnaround for teams, schools, and leagues. | image=http://floridabasketballjerseys.com/wp-content/uploads/2026/02/Basketball-Jerseys-Fabric-Texture.jpg | locale=en_US | site_name=Florida Basktetball Jerseys | title=Custom Basketball Practice Jerseys Florida | Florida Basketball Jerseys | type=article | url=https://floridabasketballjerseys.com/product/basketball-practice-jerseys/",card=summary_large_image,Basketball Practice Jerseys,What Is aSublimatedBasketball Jersey? || Full CustomisationOptions || Fabric &amp; Construction Details || Jersey Size Guide || Who This Jersey IsBest For || Related products || Youth Practice Basketball Jerseys || Basketball Training Jerseys,16,"LocalBusiness,Product",102,0,11,4,1,4,32
https://floridabasketballjerseys.com/product/basketball-practice-shorts/,"sitemap, gsc",2.0,106.0,200,Custom Basketball Practice Shorts Florida | Florida Basketball Jerseys,"Order basketball practice shorts in Florida with premium fabric, custom designs, and fast turnaround for teams, schools, and leagues.",https://floridabasketballjerseys.com/product/basketball-practice-shorts/,"index, follow, max-image-preview:large, max-snippet:-1, max-video-preview:-1","description=Order basketball practice shorts in Florida with premium fabric, custom designs, and fast turnaround for teams, schools, and leagues. | image=http://floridabasketballjerseys.com/wp-content/uploads/2026/02/Basketball-Shorts-Practice-Movement.jpg | locale=en_US | site_name=Florida Basktetball Jerseys | title=Custom Basketball Practice Shorts Florida | Florida Basketball Jerseys | type=article | url=https://floridabasketballjerseys.com/product/basketball-practice-shorts/",card=summary_large_image,Basketball Practice Shorts,What Is aSublimatedBasketball Jersey? || Full CustomisationOptions || Fabric &amp; Construction Details || Jersey Size Guide || Who This Jersey IsBest For || Related products || Lightweight Basketball Shorts || Basketball Game Shorts || Training Basketball Shorts || Mesh Basketball Shorts,16,"LocalBusiness,Product",106,0,13,4,1,4,32
https://floridabasketballjerseys.com/product/basketball-training-jerseys/,"sitemap, gsc",1.0,29.0,200,Custom Basketball Training Jerseys Florida | Florida Basketball Jerseys,"Order basketball training jerseys in Florida with premium fabric, custom designs, and fast turnaround for teams, schools, and leagues.",https://floridabasketballjerseys.com/product/basketball-training-jerseys/,"index, follow, max-image-preview:large, max-snippet:-1, max-video-preview:-1","description=Order basketball training jerseys in Florida with premium fabric, custom designs, and fast turnaround for teams, schools, and leagues. | image=http://floridabasketballjerseys.com/wp-content/uploads/2026/02/Basketball-Jerseys-Training-Movement-1.jpg | locale=en_US | site_name=Florida Basktetball Jerseys | title=Custom Basketball Training Jerseys Florida | Florida Basketball Jerseys | type=article | url=https://floridabasketballjerseys.com/product/basketball-training-jerseys/",card=summary_large_image,Basketball Training Jerseys,What Is aSublimatedBasketball Jersey? || Full CustomisationOptions || Fabric &amp; Construction Details || Jersey Size Guide || Who This Jersey IsBest For || Related products || Youth Practice Basketball Jerseys || Basketball Practice Jerseys,16,"LocalBusiness,Product",102,0,11,4,1,4,32
https://floridabasketballjerseys.com/product/basketball-warm-up-jerseys/,sitemap,0,0,200,Custom Basketball Warm Up Jerseys Florida | Florida Basketball Jerseys,"Order basketball warm up jerseys in Florida with premium fabric, custom designs, and fast turnaround for teams, schools, and leagues.",https://floridabasketballjerseys.com/product/basketball-warm-up-jerseys/,"index, follow, max-image-preview:large, max-snippet:-1, max-video-preview:-1","description=Order basketball warm up jerseys in Florida with premium fabric, custom designs, and fast turnaround for teams, schools, and leagues. | image=http://floridabasketballjerseys.com/wp-content/uploads/2026/02/Basketball-Warm-Up-Jerseys.jpg | locale=en_US | site_name=Florida Basktetball Jerseys | title=Custom Basketball Warm Up Jerseys Florida | Florida Basketball Jerseys | type=article | url=https://floridabasketballjerseys.com/product/basketball-warm-up-jerseys/",card=summary_large_image,Basketball Warm Up Jerseys,What Is aSublimatedBasketball Jersey? || Full CustomisationOptions || Fabric &amp; Construction Details || Jersey Size Guide || Who This Jersey IsBest For || Related products || Reversible Basketball Jerseys || Short Sleeve Basketball Jerseys || Long Sleeve Basketball Jerseys || Mesh Basketball Jerseys,16,"LocalBusiness,Product",106,0,13,4,1,4,32
https://floridabasketballjerseys.com/product/black-basketball-jersey/,"sitemap, gsc",0.0,54.0,200,Custom Black Basketball Jersey Florida | Florida Basketball Jerseys,"Order black basketball jersey in Florida with premium fabric, custom designs, and fast turnaround for teams, schools, and leagues.",https://floridabasketballjerseys.com/product/black-basketball-jersey/,"index, follow, max-image-preview:large, max-snippet:-1, max-video-preview:-1","description=Order black basketball jersey in Florida with premium fabric, custom designs, and fast turnaround for teams, schools, and leagues. | image=http://floridabasketballjerseys.com/wp-content/uploads/2026/02/Black-Basketball-Jersey-Action.jpg | locale=en_US | site_name=Florida Basktetball Jerseys | title=Custom Black Basketball Jersey Florida | Florida Basketball Jerseys | type=article | url=https://floridabasketballjerseys.com/product/black-basketball-jersey/",card=summary_large_image,Black Basketball Jersey,What Is aSublimatedBasketball Jersey? || Full CustomisationOptions || Fabric &amp; Construction Details || Jersey Size Guide || Who This Jersey IsBest For || Related products || Camo Basketball Jerseys || White Basketball Shirt || Blue Basketball Jersey || Grey Basketball Jersey,16,"LocalBusiness,Product",106,0,13,4,1,4,32
https://floridabasketballjerseys.com/product/blank-basketball-jerseys/,"sitemap, gsc",15.0,411.0,200,Custom Blank Basketball Jerseys Florida | Florida Basketball Jerseys,"Order blank basketball jerseys in Florida with premium fabric, custom designs, and fast turnaround for teams, schools, and leagues.",https://floridabasketballjerseys.com/product/blank-basketball-jerseys/,"index, follow, max-image-preview:large, max-snippet:-1, max-video-preview:-1","description=Order blank basketball jerseys in Florida with premium fabric, custom designs, and fast turnaround for teams, schools, and leagues. | image=http://floridabasketballjerseys.com/wp-content/uploads/2026/02/Custom-Blank-Basketball-Jerseys.jpg | locale=en_US | site_name=Florida Basktetball Jerseys | title=Custom Blank Basketball Jerseys Florida | Florida Basketball Jerseys | type=article | url=https://floridabasketballjerseys.com/product/blank-basketball-jerseys/",card=summary_large_image,Blank Basketball Jerseys,What Is aSublimatedBasketball Jersey? || Full CustomisationOptions || Fabric &amp; Construction Details || Jersey Size Guide || Who This Jersey IsBest For || Related products || Reversible Basketball Jerseys || Sleeveless Basketball Jerseys || Basketball Warm Up Jerseys || Sublimated Basketball Jerseys,16,"LocalBusiness,Product",106,0,13,4,1,4,32
https://floridabasketballjerseys.com/product/blue-basketball-jersey/,"sitemap, gsc",0.0,283.0,200,Custom Blue Basketball Jersey Florida | Florida Basketball Jerseys,"Order blue basketball jersey in Florida with premium fabric, custom designs, and fast turnaround for teams, schools, and leagues.",https://floridabasketballjerseys.com/product/blue-basketball-jersey/,"index, follow, max-image-preview:large, max-snippet:-1, max-video-preview:-1","description=Order blue basketball jersey in Florida with premium fabric, custom designs, and fast turnaround for teams, schools, and leagues. | image=http://floridabasketballjerseys.com/wp-content/uploads/2026/02/Game-Scene-Dynamic-Frame.jpg | locale=en_US | site_name=Florida Basktetball Jerseys | title=Custom Blue Basketball Jersey Florida | Florida Basketball Jerseys | type=article | url=https://floridabasketballjerseys.com/product/blue-basketball-jersey/",card=summary_large_image,Blue Basketball Jersey,What Is aSublimatedBasketball Jersey? || Full CustomisationOptions || Fabric &amp; Construction Details || Jersey Size Guide || Who This Jersey IsBest For || Related products || White Basketball Shirt || Pink Basketball Jerseys || Grey Basketball Jersey || Orange Basketball Jersey,16,"LocalBusiness,Product",106,0,13,4,1,4,32
https://floridabasketballjerseys.com/product/camo-basketball-jerseys/,"sitemap, gsc",0.0,133.0,200,Custom Camo Basketball Jerseys Florida | Florida Basketball Jerseys,"Order camo basketball jerseys in Florida with premium fabric, custom designs, and fast turnaround for teams, schools, and leagues.",https://floridabasketballjerseys.com/product/camo-basketball-jerseys/,"index, follow, max-image-preview:large, max-snippet:-1, max-video-preview:-1","description=Order camo basketball jerseys in Florida with premium fabric, custom designs, and fast turnaround for teams, schools, and leagues. | image=http://floridabasketballjerseys.com/wp-content/uploads/2026/02/Camo-Jersey-Side-Angle.jpg | locale=en_US | site_name=Florida Basktetball Jerseys | title=Custom Camo Basketball Jerseys Florida | Florida Basketball Jerseys | type=article | url=https://floridabasketballjerseys.com/product/camo-basketball-jerseys/",card=summary_large_image,Camo Basketball Jerseys,What Is aSublimatedBasketball Jersey? || Full CustomisationOptions || Fabric &amp; Construction Details || Jersey Size Guide || Who This Jersey IsBest For || Related products || Purple Basketball Jersey || Green Basketball Jersey || Blue Basketball Jersey || Yellow Basketball Uniform,16,"LocalBusiness,Product",106,0,13,4,1,4,32
https://floridabasketballjerseys.com/product/green-basketball-jersey/,"sitemap, gsc",0.0,178.0,200,Custom Green Basketball Jersey Florida | Florida Basketball Jerseys,"Order green basketball jersey in Florida with premium fabric, custom designs, and fast turnaround for teams, schools, and leagues.",https://floridabasketballjerseys.com/product/green-basketball-jersey/,"index, follow, max-image-preview:large, max-snippet:-1, max-video-preview:-1","description=Order green basketball jersey in Florida with premium fabric, custom designs, and fast turnaround for teams, schools, and leagues. | image=http://floridabasketballjerseys.com/wp-content/uploads/2026/02/Green-Basketball-Jersey-Court.jpg | locale=en_US | site_name=Florida Basktetball Jerseys | title=Custom Green Basketball Jersey Florida | Florida Basketball Jerseys | type=article | url=https://floridabasketballjerseys.com/product/green-basketball-jersey/",card=summary_large_image,Green Basketball Jersey,What Is aSublimatedBasketball Jersey? || Full CustomisationOptions || Fabric &amp; Construction Details || Jersey Size Guide || Who This Jersey IsBest For || Related products || Black Basketball Jersey || Camo Basketball Jerseys || Yellow Basketball Uniform || Blue Basketball Jersey,16,"LocalBusiness,Product",106,0,13,4,1,4,32
https://floridabasketballjerseys.com/product/grey-basketball-jersey/,sitemap,0,0,200,Custom Grey Basketball Jersey Florida | Florida Basketball Jerseys,"Order grey basketball jersey in Florida with premium fabric, custom designs, and fast turnaround for teams, schools, and leagues.",https://floridabasketballjerseys.com/product/grey-basketball-jersey/,"index, follow, max-image-preview:large, max-snippet:-1, max-video-preview:-1","description=Order grey basketball jersey in Florida with premium fabric, custom designs, and fast turnaround for teams, schools, and leagues. | image=http://floridabasketballjerseys.com/wp-content/uploads/2026/02/Athlete-Wearing-Grey-Jersey.jpg | locale=en_US | site_name=Florida Basktetball Jerseys | title=Custom Grey Basketball Jersey Florida | Florida Basketball Jerseys | type=article | url=https://floridabasketballjerseys.com/product/grey-basketball-jersey/",card=summary_large_image,Grey Basketball Jersey,What Is aSublimatedBasketball Jersey? || Full CustomisationOptions || Fabric &amp; Construction Details || Jersey Size Guide || Who This Jersey IsBest For || Related products || White Basketball Shirt || Green Basketball Jersey || Black Basketball Jersey || Purple Basketball Jersey,16,"LocalBusiness,Product",106,0,13,4,1,4,32
https://floridabasketballjerseys.com/product/lightweight-basketball-jerseys/,"sitemap, gsc",0.0,56.0,200,Custom Lightweight Basketball Jerseys Florida | Florida Basketball Jerseys,"Order lightweight basketball jerseys in Florida with premium fabric, custom designs, and fast turnaround for teams, schools, and leagues.",https://floridabasketballjerseys.com/product/lightweight-basketball-jerseys/,"index, follow, max-image-preview:large, max-snippet:-1, max-video-preview:-1","description=Order lightweight basketball jerseys in Florida with premium fabric, custom designs, and fast turnaround for teams, schools, and leagues. | image=http://floridabasketballjerseys.com/wp-content/uploads/2026/02/Lightweight-Basketball-Jerseys-Breathable.jpg | locale=en_US | site_name=Florida Basktetball Jerseys | title=Custom Lightweight Basketball Jerseys Florida | Florida Basketball Jerseys | type=article | url=https://floridabasketballjerseys.com/product/lightweight-basketball-jerseys/",card=summary_large_image,Lightweight Basketball Jerseys,What Is aSublimatedBasketball Jersey? || Full CustomisationOptions || Fabric &amp; Construction Details || Jersey Size Guide || Who This Jersey IsBest For || Related products || Plain Basketball Jerseys || Basketball Warm Up Jerseys || Mesh Basketball Jerseys || Sublimated Basketball Jerseys,16,"LocalBusiness,Product",106,0,13,4,1,4,32
https://floridabasketballjerseys.com/product/lightweight-basketball-shirt/,sitemap,0,0,200,Custom Lightweight Basketball Shirt Florida | Florida Basketball Jerseys,"Order lightweight basketball shirt in Florida with premium fabric, custom designs, and fast turnaround for teams, schools, and leagues.",https://floridabasketballjerseys.com/product/lightweight-basketball-shirt/,"index, follow, max-image-preview:large, max-snippet:-1, max-video-preview:-1","description=Order lightweight basketball shirt in Florida with premium fabric, custom designs, and fast turnaround for teams, schools, and leagues. | image=http://floridabasketballjerseys.com/wp-content/uploads/2026/02/Athlete-Wearing-Light-Shirt.jpg | locale=en_US | site_name=Florida Basktetball Jerseys | title=Custom Lightweight Basketball Shirt Florida | Florida Basketball Jerseys | type=article | url=https://floridabasketballjerseys.com/product/lightweight-basketball-shirt/",card=summary_large_image,Lightweight Basketball Shirt,What Is aSublimatedBasketball Jersey? || Full CustomisationOptions || Fabric &amp; Construction Details || Jersey Size Guide || Who This Jersey IsBest For || Related products || Moisture Wicking Basketball Shirt || Short Sleeve Basketball Shirt || Long Sleeve Basketball Shirt || Training Basketball Shirt,16,"LocalBusiness,Product",106,0,13,4,1,4,32
https://floridabasketballjerseys.com/product/lightweight-basketball-shorts/,"sitemap, gsc",0.0,84.0,200,Custom Lightweight Basketball Shorts Florida | Florida Basketball Jerseys,"Order lightweight basketball shorts in Florida with premium fabric, custom designs, and fast turnaround for teams, schools, and leagues.",https://floridabasketballjerseys.com/product/lightweight-basketball-shorts/,"index, follow, max-image-preview:large, max-snippet:-1, max-video-preview:-1","description=Order lightweight basketball shorts in Florida with premium fabric, custom designs, and fast turnaround for teams, schools, and leagues. | image=http://floridabasketballjerseys.com/wp-content/uploads/2026/02/Basketball-Shorts-Fabric-Design.jpg | locale=en_US | site_name=Florida Basktetball Jerseys | title=Custom Lightweight Basketball Shorts Florida | Florida Basketball Jerseys | type=article | url=https://floridabasketballjerseys.com/product/lightweight-basketball-shorts/",card=summary_large_image,Lightweight Basketball Shorts,What Is aSublimatedBasketball Jersey? || Full CustomisationOptions || Fabric &amp; Construction Details || Jersey Size Guide || Who This Jersey IsBest For || Related products || Basketball Game Shorts || Training Basketball Shorts || Mesh Basketball Shorts || Basketball Practice Shorts,16,"LocalBusiness,Product",106,0,13,4,1,4,32
https://floridabasketballjerseys.com/product/long-sleeve-basketball-jerseys/,sitemap,0,0,200,Custom Long Sleeve Basketball Jerseys Florida | Florida Basketball Jerseys,"Order long sleeve basketball jerseys in Florida with premium fabric, custom designs, and fast turnaround for teams, schools, and leagues.",https://floridabasketballjerseys.com/product/long-sleeve-basketball-jerseys/,"index, follow, max-image-preview:large, max-snippet:-1, max-video-preview:-1","description=Order long sleeve basketball jerseys in Florida with premium fabric, custom designs, and fast turnaround for teams, schools, and leagues. | image=http://floridabasketballjerseys.com/wp-content/uploads/2026/02/Sleeve-Jersey-Court-Setup.jpg | locale=en_US | site_name=Florida Basktetball Jerseys | title=Custom Long Sleeve Basketball Jerseys Florida | Florida Basketball Jerseys | type=article | url=https://floridabasketballjerseys.com/product/long-sleeve-basketball-jerseys/",card=summary_large_image,Long Sleeve Basketball Jerseys,What Is aSublimatedBasketball Jersey? || Full CustomisationOptions || Fabric &amp; Construction Details || Jersey Size Guide || Who This Jersey IsBest For || Related products || Blank Basketball Jerseys || Youth Basketball Jerseys || Mesh Basketball Jerseys || Plain Basketball Jerseys,16,"LocalBusiness,Product",106,0,13,4,1,4,32
https://floridabasketballjerseys.com/product/long-sleeve-basketball-shirt/,sitemap,0,0,200,Custom Long Sleeve Basketball Shirt Florida | Florida Basketball Jerseys,"Order long sleeve basketball shirt in Florida with premium fabric, custom designs, and fast turnaround for teams, schools, and leagues.",https://floridabasketballjerseys.com/product/long-sleeve-basketball-shirt/,"index, follow, max-image-preview:large, max-snippet:-1, max-video-preview:-1","description=Order long sleeve basketball shirt in Florida with premium fabric, custom designs, and fast turnaround for teams, schools, and leagues. | image=http://floridabasketballjerseys.com/wp-content/uploads/2026/02/Long-Sleeve-Side-Profile.jpg | locale=en_US | site_name=Florida Basktetball Jerseys | title=Custom Long Sleeve Basketball Shirt Florida | Florida Basketball Jerseys | type=article | url=https://floridabasketballjerseys.com/product/long-sleeve-basketball-shirt/",card=summary_large_image,Long Sleeve Basketball Shirt,What Is aSublimatedBasketball Jersey? || Full CustomisationOptions || Fabric &amp; Construction Details || Jersey Size Guide || Who This Jersey IsBest For || Related products || Short Sleeve Basketball Shirt || Training Basketball Shirt || Moisture Wicking Basketball Shirt || Lightweight Basketball Shirt,16,"LocalBusiness,Product",106,0,13,4,1,4,32
https://floridabasketballjerseys.com/product/men-basketball-uniforms/,sitemap,0,0,200,Custom Men Basketball Uniforms Florida | Florida Basketball Jerseys,"Order men basketball uniforms in Florida with premium fabric, custom designs, and fast turnaround for teams, schools, and leagues.",https://floridabasketballjerseys.com/product/men-basketball-uniforms/,"index, follow, max-image-preview:large, max-snippet:-1, max-video-preview:-1","description=Order men basketball uniforms in Florida with premium fabric, custom designs, and fast turnaround for teams, schools, and leagues. | image=http://floridabasketballjerseys.com/wp-content/uploads/2026/02/Athlete-Wearing-Full-Uniform.jpg | locale=en_US | site_name=Florida Basktetball Jerseys | title=Custom Men Basketball Uniforms Florida | Florida Basketball Jerseys | type=article | url=https://floridabasketballjerseys.com/product/men-basketball-uniforms/",card=summary_large_image,Men Basketball Uniforms,What Is aSublimatedBasketball Jersey? || Full CustomisationOptions || Fabric &amp; Construction Details || Jersey Size Guide || Who This Jersey IsBest For || Related products || Reversible Basketball Uniforms || Youth Basketball Uniforms || Women Basketball Uniforms,16,"LocalBusiness,Product",104,0,12,4,1,4,32
https://floridabasketballjerseys.com/product/mesh-basketball-jerseys/,sitemap,0,0,200,Custom Mesh Basketball Jerseys Florida | Florida Basketball Jerseys,"Order mesh basketball jerseys in Florida with premium fabric, custom designs, and fast turnaround for teams, schools, and leagues.",https://floridabasketballjerseys.com/product/mesh-basketball-jerseys/,"index, follow, max-image-preview:large, max-snippet:-1, max-video-preview:-1","description=Order mesh basketball jerseys in Florida with premium fabric, custom designs, and fast turnaround for teams, schools, and leagues. | image=http://floridabasketballjerseys.com/wp-content/uploads/2026/02/Mesh-Jersey-Close-Fabric.jpg | locale=en_US | site_name=Florida Basktetball Jerseys | title=Custom Mesh Basketball Jerseys Florida | Florida Basketball Jerseys | type=article | url=https://floridabasketballjerseys.com/product/mesh-basketball-jerseys/",card=summary_large_image,Mesh Basketball Jerseys,What Is aSublimatedBasketball Jersey? || Full CustomisationOptions || Fabric &amp; Construction Details || Jersey Size Guide || Who This Jersey IsBest For || Related products || Youth Basketball Jerseys || Basketball Warm Up Jerseys || Plain Basketball Jerseys || Lightweight Basketball Jerseys,16,"LocalBusiness,Product",106,0,13,4,1,4,32
https://floridabasketballjerseys.com/product/mesh-basketball-shorts/,"sitemap, gsc",1.0,218.0,200,Custom Mesh Basketball Shorts Florida | Florida Basketball Jerseys,"Order mesh basketball shorts in Florida with premium fabric, custom designs, and fast turnaround for teams, schools, and leagues.",https://floridabasketballjerseys.com/product/mesh-basketball-shorts/,"index, follow, max-image-preview:large, max-snippet:-1, max-video-preview:-1","description=Order mesh basketball shorts in Florida with premium fabric, custom designs, and fast turnaround for teams, schools, and leagues. | image=http://floridabasketballjerseys.com/wp-content/uploads/2026/02/Mesh-Basketball-Shorts-Texture.jpg | locale=en_US | site_name=Florida Basktetball Jerseys | title=Custom Mesh Basketball Shorts Florida | Florida Basketball Jerseys | type=article | url=https://floridabasketballjerseys.com/product/mesh-basketball-shorts/",card=summary_large_image,Mesh Basketball Shorts,What Is aSublimatedBasketball Jersey? || Full CustomisationOptions || Fabric &amp; Construction Details || Jersey Size Guide || Who This Jersey IsBest For || Related products || Basketball Practice Shorts || Basketball Game Shorts || Training Basketball Shorts || Lightweight Basketball Shorts,16,"LocalBusiness,Product",106,0,13,4,1,4,32
https://floridabasketballjerseys.com/product/mesh-basketball-tank-top/,"sitemap, gsc",0.0,155.0,200,Custom Mesh Basketball Tank Top Florida | Florida Basketball Jerseys,"Order mesh basketball tank top in Florida with premium fabric, custom designs, and fast turnaround for teams, schools, and leagues.",https://floridabasketballjerseys.com/product/mesh-basketball-tank-top/,"index, follow, max-image-preview:large, max-snippet:-1, max-video-preview:-1","description=Order mesh basketball tank top in Florida with premium fabric, custom designs, and fast turnaround for teams, schools, and leagues. | image=http://floridabasketballjerseys.com/wp-content/uploads/2026/02/Player-Wearing-Tank-Top.jpg | locale=en_US | site_name=Florida Basktetball Jerseys | title=Custom Mesh Basketball Tank Top Florida | Florida Basketball Jerseys | type=article | url=https://floridabasketballjerseys.com/product/mesh-basketball-tank-top/",card=summary_large_image | data1=1 minute | label1=Est. reading time,Mesh Basketball Tank Top,What Is aSublimatedBasketball Jersey? || Full CustomisationOptions || Fabric &amp; Construction Details || Jersey Size Guide || Who This Jersey IsBest For || Related products || Sleeveless Basketball Tank Top || Performance Basketball Tank Top,16,"LocalBusiness,Product",102,0,11,4,1,4,32
https://floridabasketballjerseys.com/product/moisture-wicking-basketball-shirt/,"sitemap, gsc",0.0,420.0,200,Custom Moisture Wicking Basketball Shirt Florida | Florida Basketball Jerseys,"Order moisture wicking basketball shirt in Florida with premium fabric, custom designs, and fast turnaround for teams, schools, and leagues.",https://floridabasketballjerseys.com/product/moisture-wicking-basketball-shirt/,"index, follow, max-image-preview:large, max-snippet:-1, max-video-preview:-1","description=Order moisture wicking basketball shirt in Florida with premium fabric, custom designs, and fast turnaround for teams, schools, and leagues. | image=http://floridabasketballjerseys.com/wp-content/uploads/2026/02/Athlete-Wearing-Dry-Shirt.jpg | locale=en_US | site_name=Florida Basktetball Jerseys | title=Custom Moisture Wicking Basketball Shirt Florida | Florida Basketball Jerseys | type=article | url=https://floridabasketballjerseys.com/product/moisture-wicking-basketball-shirt/",card=summary_large_image,Moisture Wicking Basketball Shirt,What Is aSublimatedBasketball Jersey? || Full CustomisationOptions || Fabric &amp; Construction Details || Jersey Size Guide || Who This Jersey IsBest For || Related products || Training Basketball Shirt || Short Sleeve Basketball Shirt || Lightweight Basketball Shirt || Long Sleeve Basketball Shirt,16,"LocalBusiness,Product",106,0,13,4,1,4,32
https://floridabasketballjerseys.com/product/orange-basketball-jersey/,sitemap,0,0,200,Custom Orange Basketball Jersey Florida | Florida Basketball Jerseys,"Order orange basketball jersey in Florida with premium fabric, custom designs, and fast turnaround for teams, schools, and leagues.",https://floridabasketballjerseys.com/product/orange-basketball-jersey/,"index, follow, max-image-preview:large, max-snippet:-1, max-video-preview:-1","description=Order orange basketball jersey in Florida with premium fabric, custom designs, and fast turnaround for teams, schools, and leagues. | image=http://floridabasketballjerseys.com/wp-content/uploads/2026/02/Orange-Jersey-Side-Profile.jpg | locale=en_US | site_name=Florida Basktetball Jerseys | title=Custom Orange Basketball Jersey Florida | Florida Basketball Jerseys | type=article | url=https://floridabasketballjerseys.com/product/orange-basketball-jersey/",card=summary_large_image,Orange Basketball Jersey,What Is aSublimatedBasketball Jersey? || Full CustomisationOptions || Fabric &amp; Construction Details || Jersey Size Guide || Who This Jersey IsBest For || Related products || Camo Basketball Jerseys || Blue Basketball Jersey || Red Basketball Uniform || Yellow Basketball Uniform,16,"LocalBusiness,Product",106,0,13,4,1,4,32
https://floridabasketballjerseys.com/product/page/2/,sitemap,0,0,200,Products - Page 2 of 3 - Florida Basktetball Jerseys,,https://floridabasketballjerseys.com/product/page/2/,"index, follow, max-image-preview:large, max-snippet:-1, max-video-preview:-1",locale=en_US | site_name=Florida Basktetball Jerseys | title=Products - Page 2 of 3 - Florida Basktetball Jerseys | type=article | url=https://floridabasketballjerseys.com/product/,card=summary_large_image,Products,Men Basketball Uniforms || Mesh Basketball Jerseys || Mesh Basketball Shorts || Mesh Basketball Tank Top || Moisture Wicking Basketball Shirt || Orange Basketball Jersey || Performance Basketball Tank Top || Pink Basketball Jerseys || Plain Basketball Jerseys || Purple Basketball Jersey || Red Basketball Uniform || Reversible Basketball Jerseys || Reversible Basketball Uniforms || Short Sleeve Basketball Jerseys || Short Sleeve Basketball Shirt || Sleeveless Basketball Jerseys,0,"ItemList,LocalBusiness",121,0,16,0,2,2,27
https://floridabasketballjerseys.com/product/page/3/,sitemap,0,0,200,Products - Page 3 of 3 - Florida Basktetball Jerseys,,https://floridabasketballjerseys.com/product/page/3/,"index, follow, max-image-preview:large, max-snippet:-1, max-video-preview:-1",locale=en_US | site_name=Florida Basktetball Jerseys | title=Products - Page 3 of 3 - Florida Basktetball Jerseys | type=article | url=https://floridabasketballjerseys.com/product/,card=summary_large_image,Products,Sleeveless Basketball Tank Top || Sublimated Basketball Jerseys || Training Basketball Shirt || Training Basketball Shorts || White Basketball Shirt || Women Basketball Uniforms || Yellow Basketball Uniform || Youth Basketball Jerseys || Youth Basketball Uniforms || Youth Practice Basketball Jerseys,0,"ItemList,LocalBusiness",107,0,10,0,2,2,27
https://floridabasketballjerseys.com/product/performance-basketball-tank-top/,sitemap,0,0,200,Custom Performance Basketball Tank Top Florida | Florida Basketball Jerseys,"Order performance basketball tank top in Florida with premium fabric, custom designs, and fast turnaround for teams, schools, and leagues.",https://floridabasketballjerseys.com/product/performance-basketball-tank-top/,"index, follow, max-image-preview:large, max-snippet:-1, max-video-preview:-1","description=Order performance basketball tank top in Florida with premium fabric, custom designs, and fast turnaround for teams, schools, and leagues. | image=http://floridabasketballjerseys.com/wp-content/uploads/2026/02/Performance-Tank-Side-Profile.jpg | locale=en_US | site_name=Florida Basktetball Jerseys | title=Custom Performance Basketball Tank Top Florida | Florida Basketball Jerseys | type=article | url=https://floridabasketballjerseys.com/product/performance-basketball-tank-top/",card=summary_large_image,Performance Basketball Tank Top,What Is aSublimatedBasketball Jersey? || Full CustomisationOptions || Fabric &amp; Construction Details || Jersey Size Guide || Who This Jersey IsBest For || Related products || Sleeveless Basketball Tank Top || Mesh Basketball Tank Top,16,"LocalBusiness,Product",101,0,10,4,1,4,32
https://floridabasketballjerseys.com/product/pink-basketball-jerseys/,"sitemap, gsc",0.0,172.0,200,Custom Pink Basketball Jerseys Florida | Florida Basketball Jerseys,"Order pink basketball jerseys in Florida with premium fabric, custom designs, and fast turnaround for teams, schools, and leagues.",https://floridabasketballjerseys.com/product/pink-basketball-jerseys/,"index, follow, max-image-preview:large, max-snippet:-1, max-video-preview:-1","description=Order pink basketball jerseys in Florida with premium fabric, custom designs, and fast turnaround for teams, schools, and leagues. | image=http://floridabasketballjerseys.com/wp-content/uploads/2026/02/Pink-Basketball-Jerseys-Court.jpg | locale=en_US | site_name=Florida Basktetball Jerseys | title=Custom Pink Basketball Jerseys Florida | Florida Basketball Jerseys | type=article | url=https://floridabasketballjerseys.com/product/pink-basketball-jerseys/",card=summary_large_image,Pink Basketball Jerseys,What Is aSublimatedBasketball Jersey? || Full CustomisationOptions || Fabric &amp; Construction Details || Jersey Size Guide || Who This Jersey IsBest For || Related products || Purple Basketball Jersey || Yellow Basketball Uniform || Red Basketball Uniform || Blue Basketball Jersey,16,"LocalBusiness,Product",106,0,13,4,1,4,32
https://floridabasketballjerseys.com/product/plain-basketball-jerseys/,"sitemap, gsc",4.0,163.0,200,Custom Plain Basketball Jerseys Florida | Florida Basketball Jerseys,"Order plain basketball jerseys in Florida with premium fabric, custom designs, and fast turnaround for teams, schools, and leagues.",https://floridabasketballjerseys.com/product/plain-basketball-jerseys/,"index, follow, max-image-preview:large, max-snippet:-1, max-video-preview:-1","description=Order plain basketball jerseys in Florida with premium fabric, custom designs, and fast turnaround for teams, schools, and leagues. | image=http://floridabasketballjerseys.com/wp-content/uploads/2026/02/Simple-Jersey-Fabric-View.jpg | locale=en_US | site_name=Florida Basktetball Jerseys | title=Custom Plain Basketball Jerseys Florida | Florida Basketball Jerseys | type=article | url=https://floridabasketballjerseys.com/product/plain-basketball-jerseys/",card=summary_large_image,Plain Basketball Jerseys,What Is aSublimatedBasketball Jersey? || Full CustomisationOptions || Fabric &amp; Construction Details || Jersey Size Guide || Who This Jersey IsBest For || Related products || Reversible Basketball Jerseys || Blank Basketball Jerseys || Basketball Warm Up Jerseys || Sublimated Basketball Jerseys,16,"LocalBusiness,Product",106,0,13,4,1,4,32
https://floridabasketballjerseys.com/product/purple-basketball-jersey/,sitemap,0,0,200,Custom Purple Basketball Jersey Florida | Florida Basketball Jerseys,"Order purple basketball jersey in Florida with premium fabric, custom designs, and fast turnaround for teams, schools, and leagues.",https://floridabasketballjerseys.com/product/purple-basketball-jersey/,"index, follow, max-image-preview:large, max-snippet:-1, max-video-preview:-1","description=Order purple basketball jersey in Florida with premium fabric, custom designs, and fast turnaround for teams, schools, and leagues. | image=http://floridabasketballjerseys.com/wp-content/uploads/2026/02/Purple-Basketball-Jersey-Court.jpg | locale=en_US | site_name=Florida Basktetball Jerseys | title=Custom Purple Basketball Jersey Florida | Florida Basketball Jerseys | type=article | url=https://floridabasketballjerseys.com/product/purple-basketball-jersey/",card=summary_large_image,Purple Basketball Jersey,What Is aSublimatedBasketball Jersey? || Full CustomisationOptions || Fabric &amp; Construction Details || Jersey Size Guide || Who This Jersey IsBest For || Related products || White Basketball Shirt || Green Basketball Jersey || Black Basketball Jersey || Grey Basketball Jersey,16,"LocalBusiness,Product",106,0,13,4,1,4,32
https://floridabasketballjerseys.com/product/red-basketball-uniform/,"sitemap, gsc",0.0,152.0,200,Custom Red Basketball Uniform Florida | Florida Basketball Jerseys,"Order red basketball uniform in Florida with premium fabric, custom designs, and fast turnaround for teams, schools, and leagues.",https://floridabasketballjerseys.com/product/red-basketball-uniform/,"index, follow, max-image-preview:large, max-snippet:-1, max-video-preview:-1","description=Order red basketball uniform in Florida with premium fabric, custom designs, and fast turnaround for teams, schools, and leagues. | image=http://floridabasketballjerseys.com/wp-content/uploads/2026/02/Red-Basketball-Uniform-Court.jpg | locale=en_US | site_name=Florida Basktetball Jerseys | title=Custom Red Basketball Uniform Florida | Florida Basketball Jerseys | type=article | url=https://floridabasketballjerseys.com/product/red-basketball-uniform/",card=summary_large_image,Red Basketball Uniform,What Is aSublimatedBasketball Jersey? || Full CustomisationOptions || Fabric &amp; Construction Details || Jersey Size Guide || Who This Jersey IsBest For || Related products || Green Basketball Jersey || Camo Basketball Jerseys || Blue Basketball Jersey || Orange Basketball Jersey,16,"LocalBusiness,Product",106,0,13,4,1,4,32
https://floridabasketballjerseys.com/product/reversible-basketball-jerseys/,"sitemap, gsc",0.0,1.0,200,Custom Reversible Basketball Jerseys Florida | Florida Basketball Jerseys,"Order reversible basketball jerseys in Florida with premium fabric, custom designs, and fast turnaround for teams, schools, and leagues.",https://floridabasketballjerseys.com/product/reversible-basketball-jerseys/,"index, follow, max-image-preview:large, max-snippet:-1, max-video-preview:-1","description=Order reversible basketball jerseys in Florida with premium fabric, custom designs, and fast turnaround for teams, schools, and leagues. | image=http://floridabasketballjerseys.com/wp-content/uploads/2026/02/Reversible-Jersey-Side-Profile.jpg | locale=en_US | site_name=Florida Basktetball Jerseys | title=Custom Reversible Basketball Jerseys Florida | Florida Basketball Jerseys | type=article | url=https://floridabasketballjerseys.com/product/reversible-basketball-jerseys/",card=summary_large_image,Reversible Basketball Jerseys,What Is aSublimatedBasketball Jersey? || Full CustomisationOptions || Fabric &amp; Construction Details || Jersey Size Guide || Who This Jersey IsBest For || Related products || Short Sleeve Basketball Jerseys || Long Sleeve Basketball Jerseys || Blank Basketball Jerseys || Mesh Basketball Jerseys,15,"LocalBusiness,Product",107,0,14,4,1,4,32
https://floridabasketballjerseys.com/product/reversible-basketball-uniforms/,"sitemap, gsc",8.0,48.0,200,Custom Reversible Basketball Uniforms Florida | Florida Basketball Jerseys,"Order reversible basketball uniforms in Florida with premium fabric, custom designs, and fast turnaround for teams, schools, and leagues.",https://floridabasketballjerseys.com/product/reversible-basketball-uniforms/,"index, follow, max-image-preview:large, max-snippet:-1, max-video-preview:-1","description=Order reversible basketball uniforms in Florida with premium fabric, custom designs, and fast turnaround for teams, schools, and leagues. | image=http://floridabasketballjerseys.com/wp-content/uploads/2026/02/Athlete-Wearing-Reversible-Uniform.jpg | locale=en_US | site_name=Florida Basktetball Jerseys | title=Custom Reversible Basketball Uniforms Florida | Florida Basketball Jerseys | type=article | url=https://floridabasketballjerseys.com/product/reversible-basketball-uniforms/",card=summary_large_image,Reversible Basketball Uniforms,What Is aSublimatedBasketball Jersey? || Full CustomisationOptions || Fabric &amp; Construction Details || Jersey Size Guide || Who This Jersey IsBest For || Related products || Youth Basketball Uniforms || Men Basketball Uniforms || Women Basketball Uniforms,16,"LocalBusiness,Product",104,0,12,4,1,4,32
https://floridabasketballjerseys.com/product/short-sleeve-basketball-jerseys/,"sitemap, gsc",0.0,165.0,200,Custom Short Sleeve Basketball Jerseys Florida | Florida Basketball Jerseys,"Order short sleeve basketball jerseys in Florida with premium fabric, custom designs, and fast turnaround for teams, schools, and leagues.",https://floridabasketballjerseys.com/product/short-sleeve-basketball-jerseys/,"index, follow, max-image-preview:large, max-snippet:-1, max-video-preview:-1","description=Order short sleeve basketball jerseys in Florida with premium fabric, custom designs, and fast turnaround for teams, schools, and leagues. | image=http://floridabasketballjerseys.com/wp-content/uploads/2026/02/Sleeve-Jersey-Court-Lighting.jpg | locale=en_US | site_name=Florida Basktetball Jerseys | title=Custom Short Sleeve Basketball Jerseys Florida | Florida Basketball Jerseys | type=article | url=https://floridabasketballjerseys.com/product/short-sleeve-basketball-jerseys/",card=summary_large_image,Short Sleeve Basketball Jerseys,What Is aSublimatedBasketball Jersey? || Full CustomisationOptions || Fabric &amp; Construction Details || Jersey Size Guide || Who This Jersey IsBest For || Related products || Reversible Basketball Jerseys || Sublimated Basketball Jerseys || Lightweight Basketball Jerseys || Plain Basketball Jerseys,16,"LocalBusiness,Product",106,0,13,4,1,4,32
https://floridabasketballjerseys.com/product/short-sleeve-basketball-shirt/,"sitemap, gsc",0.0,93.0,200,Custom Short Sleeve Basketball Shirt Florida | Florida Basketball Jerseys,"Order short sleeve basketball shirt in Florida with premium fabric, custom designs, and fast turnaround for teams, schools, and leagues.",https://floridabasketballjerseys.com/product/short-sleeve-basketball-shirt/,"index, follow, max-image-preview:large, max-snippet:-1, max-video-preview:-1","description=Order short sleeve basketball shirt in Florida with premium fabric, custom designs, and fast turnaround for teams, schools, and leagues. | image=http://floridabasketballjerseys.com/wp-content/uploads/2026/02/Sleeve-Shirt-Court-Setup.jpg | locale=en_US | site_name=Florida Basktetball Jerseys | title=Custom Short Sleeve Basketball Shirt Florida | Florida Basketball Jerseys | type=article | url=https://floridabasketballjerseys.com/product/short-sleeve-basketball-shirt/",card=summary_large_image,Short Sleeve Basketball Shirt,What Is aSublimatedBasketball Jersey? || Full CustomisationOptions || Fabric &amp; Construction Details || Jersey Size Guide || Who This Jersey IsBest For || Related products || Training Basketball Shirt || Lightweight Basketball Shirt || Moisture Wicking Basketball Shirt || Long Sleeve Basketball Shirt,16,"LocalBusiness,Product",106,0,13,4,1,4,32
https://floridabasketballjerseys.com/product/sleeveless-basketball-jerseys/,"sitemap, gsc",0.0,5.0,200,Custom Sleeveless Basketball Jerseys Florida | Florida Basketball Jerseys,"Order sleeveless basketball jerseys in Florida with premium fabric, custom designs, and fast turnaround for teams, schools, and leagues.",https://floridabasketballjerseys.com/product/sleeveless-basketball-jerseys/,"index, follow, max-image-preview:large, max-snippet:-1, max-video-preview:-1","description=Order sleeveless basketball jerseys in Florida with premium fabric, custom designs, and fast turnaround for teams, schools, and leagues. | image=http://floridabasketballjerseys.com/wp-content/uploads/2026/02/Sleeveless-Basketball-Jerseys-Court.jpg | locale=en_US | site_name=Florida Basktetball Jerseys | title=Custom Sleeveless Basketball Jerseys Florida | Florida Basketball Jerseys | type=article | url=https://floridabasketballjerseys.com/product/sleeveless-basketball-jerseys/",card=summary_large_image,Sleeveless Basketball Jerseys,What Is aSublimatedBasketball Jersey? || Full CustomisationOptions || Fabric &amp; Construction Details || Jersey Size Guide || Who This Jersey IsBest For || Related products || Reversible Basketball Jerseys || Sublimated Basketball Jerseys || Lightweight Basketball Jerseys || Youth Basketball Jerseys,16,"LocalBusiness,Product",106,0,13,4,1,4,32
https://floridabasketballjerseys.com/product/sleeveless-basketball-tank-top/,sitemap,0,0,200,Custom Sleeveless Basketball Tank Top Florida | Florida Basketball Jerseys,"Order sleeveless basketball tank top in Florida with premium fabric, custom designs, and fast turnaround for teams, schools, and leagues.",https://floridabasketballjerseys.com/product/sleeveless-basketball-tank-top/,"index, follow, max-image-preview:large, max-snippet:-1, max-video-preview:-1","description=Order sleeveless basketball tank top in Florida with premium fabric, custom designs, and fast turnaround for teams, schools, and leagues. | image=http://floridabasketballjerseys.com/wp-content/uploads/2026/02/Tank-Top-Court-Lighting-1.jpg | locale=en_US | site_name=Florida Basktetball Jerseys | title=Custom Sleeveless Basketball Tank Top Florida | Florida Basketball Jerseys | type=article | url=https://floridabasketballjerseys.com/product/sleeveless-basketball-tank-top/",card=summary_large_image,Sleeveless Basketball Tank Top,What Is aSublimatedBasketball Jersey? || Full CustomisationOptions || Fabric &amp; Construction Details || Jersey Size Guide || Who This Jersey IsBest For || Related products || Performance Basketball Tank Top || Mesh Basketball Tank Top,16,"LocalBusiness,Product",102,0,11,4,1,4,32
https://floridabasketballjerseys.com/product/sublimated-basketball-jerseys/,"sitemap, gsc",2.0,53.0,200,Custom Sublimated Basketball Jerseys Florida | Florida Basketball Jerseys,"Order sublimated basketball jerseys in Florida with premium fabric, custom designs, and fast turnaround for teams, schools, and leagues.",https://floridabasketballjerseys.com/product/sublimated-basketball-jerseys/,"index, follow, max-image-preview:large, max-snippet:-1, max-video-preview:-1","description=Order sublimated basketball jerseys in Florida with premium fabric, custom designs, and fast turnaround for teams, schools, and leagues. | image=http://floridabasketballjerseys.com/wp-content/uploads/2026/02/Graphic-Pattern-Sports-Fabric.jpg | locale=en_US | site_name=Florida Basktetball Jerseys | title=Custom Sublimated Basketball Jerseys Florida | Florida Basketball Jerseys | type=article | url=https://floridabasketballjerseys.com/product/sublimated-basketball-jerseys/",card=summary_large_image,Sublimated Basketball Jerseys,What Is aSublimatedBasketball Jersey? || Full CustomisationOptions || Fabric &amp; Construction Details || Jersey Size Guide || Who This Jersey IsBest For || Related products || Reversible Basketball Jerseys || Mesh Basketball Jerseys || Sleeveless Basketball Jerseys || Lightweight Basketball Jerseys,16,"LocalBusiness,Product",106,0,13,4,1,4,32
https://floridabasketballjerseys.com/product/training-basketball-shirt/,"sitemap, gsc",0.0,54.0,200,Custom Training Basketball Shirt Florida | Florida Basketball Jerseys,"Order training basketball shirt in Florida with premium fabric, custom designs, and fast turnaround for teams, schools, and leagues.",https://floridabasketballjerseys.com/product/training-basketball-shirt/,"index, follow, max-image-preview:large, max-snippet:-1, max-video-preview:-1","description=Order training basketball shirt in Florida with premium fabric, custom designs, and fast turnaround for teams, schools, and leagues. | image=http://floridabasketballjerseys.com/wp-content/uploads/2026/02/Activewear-Training-Fabric-Close.jpg | locale=en_US | site_name=Florida Basktetball Jerseys | title=Custom Training Basketball Shirt Florida | Florida Basketball Jerseys | type=article | url=https://floridabasketballjerseys.com/product/training-basketball-shirt/",card=summary_large_image,Training Basketball Shirt,What Is aSublimatedBasketball Jersey? || Full CustomisationOptions || Fabric &amp; Construction Details || Jersey Size Guide || Who This Jersey IsBest For || Related products || Lightweight Basketball Shirt || Moisture Wicking Basketball Shirt || Long Sleeve Basketball Shirt || Short Sleeve Basketball Shirt,16,"LocalBusiness,Product",106,0,13,4,1,4,32
https://floridabasketballjerseys.com/product/training-basketball-shorts/,"sitemap, gsc",0.0,39.0,200,Custom Training Basketball Shorts Florida | Florida Basketball Jerseys,"Order training basketball shorts in Florida with premium fabric, custom designs, and fast turnaround for teams, schools, and leagues.",https://floridabasketballjerseys.com/product/training-basketball-shorts/,"index, follow, max-image-preview:large, max-snippet:-1, max-video-preview:-1","description=Order training basketball shorts in Florida with premium fabric, custom designs, and fast turnaround for teams, schools, and leagues. | image=http://floridabasketballjerseys.com/wp-content/uploads/2026/02/Workout-Shorts-Court-Lighting.jpg | locale=en_US | site_name=Florida Basktetball Jerseys | title=Custom Training Basketball Shorts Florida | Florida Basketball Jerseys | type=article | url=https://floridabasketballjerseys.com/product/training-basketball-shorts/",card=summary_large_image,Training Basketball Shorts,What Is aSublimatedBasketball Jersey? || Full CustomisationOptions || Fabric &amp; Construction Details || Jersey Size Guide || Who This Jersey IsBest For || Related products || Basketball Practice Shorts || Basketball Game Shorts || Mesh Basketball Shorts || Lightweight Basketball Shorts,16,"LocalBusiness,Product",106,0,13,4,1,4,32
https://floridabasketballjerseys.com/product/white-basketball-shirt/,sitemap,0,0,200,Custom White Basketball Shirt Florida | Florida Basketball Jerseys,"Order white basketball shirt in Florida with premium fabric, custom designs, and fast turnaround for teams, schools, and leagues.",https://floridabasketballjerseys.com/product/white-basketball-shirt/,"index, follow, max-image-preview:large, max-snippet:-1, max-video-preview:-1","description=Order white basketball shirt in Florida with premium fabric, custom designs, and fast turnaround for teams, schools, and leagues. | image=http://floridabasketballjerseys.com/wp-content/uploads/2026/02/White-Shirt-Indoor-Court.jpg | locale=en_US | site_name=Florida Basktetball Jerseys | title=Custom White Basketball Shirt Florida | Florida Basketball Jerseys | type=article | url=https://floridabasketballjerseys.com/product/white-basketball-shirt/",card=summary_large_image,White Basketball Shirt,What Is aSublimatedBasketball Jersey? || Full CustomisationOptions || Fabric &amp; Construction Details || Jersey Size Guide || Who This Jersey IsBest For || Related products || Camo Basketball Jerseys || Yellow Basketball Uniform || Orange Basketball Jersey || Red Basketball Uniform,16,"LocalBusiness,Product",106,0,13,4,1,4,32
https://floridabasketballjerseys.com/product/women-basketball-uniforms/,sitemap,0,0,200,Custom Women Basketball Uniforms Florida | Florida Basketball Jerseys,"Order women basketball uniforms in Florida with premium fabric, custom designs, and fast turnaround for teams, schools, and leagues.",https://floridabasketballjerseys.com/product/women-basketball-uniforms/,"index, follow, max-image-preview:large, max-snippet:-1, max-video-preview:-1","description=Order women basketball uniforms in Florida with premium fabric, custom designs, and fast turnaround for teams, schools, and leagues. | image=http://floridabasketballjerseys.com/wp-content/uploads/2026/02/Team-Outfit-Indoor-Scene.jpg | locale=en_US | site_name=Florida Basktetball Jerseys | title=Custom Women Basketball Uniforms Florida | Florida Basketball Jerseys | type=article | url=https://floridabasketballjerseys.com/product/women-basketball-uniforms/",card=summary_large_image,Women Basketball Uniforms,What Is aSublimatedBasketball Jersey? || Full CustomisationOptions || Fabric &amp; Construction Details || Jersey Size Guide || Who This Jersey IsBest For || Related products || Reversible Basketball Uniforms || Youth Basketball Uniforms || Men Basketball Uniforms,16,"LocalBusiness,Product",104,0,12,4,1,4,32
https://floridabasketballjerseys.com/product/yellow-basketball-uniform/,sitemap,0,0,200,Custom Yellow Basketball Uniform Florida | Florida Basketball Jerseys,"Order yellow basketball uniform in Florida with premium fabric, custom designs, and fast turnaround for teams, schools, and leagues.",https://floridabasketballjerseys.com/product/yellow-basketball-uniform/,"index, follow, max-image-preview:large, max-snippet:-1, max-video-preview:-1","description=Order yellow basketball uniform in Florida with premium fabric, custom designs, and fast turnaround for teams, schools, and leagues. | image=http://floridabasketballjerseys.com/wp-content/uploads/2026/02/Bright-Yellow-Court-Lighting.jpg | locale=en_US | site_name=Florida Basktetball Jerseys | title=Custom Yellow Basketball Uniform Florida | Florida Basketball Jerseys | type=article | url=https://floridabasketballjerseys.com/product/yellow-basketball-uniform/",card=summary_large_image,Yellow Basketball Uniform,What Is aSublimatedBasketball Jersey? || Full CustomisationOptions || Fabric &amp; Construction Details || Jersey Size Guide || Who This Jersey IsBest For || Related products || White Basketball Shirt || Pink Basketball Jerseys || Orange Basketball Jersey || Blue Basketball Jersey,16,"LocalBusiness,Product",106,0,13,4,1,4,32
https://floridabasketballjerseys.com/product/youth-basketball-jerseys/,sitemap,0,0,200,Custom Youth Basketball Jerseys Florida | Florida Basketball Jerseys,"Order youth basketball jerseys in Florida with premium fabric, custom designs, and fast turnaround for teams, schools, and leagues.",https://floridabasketballjerseys.com/product/youth-basketball-jerseys/,"index, follow, max-image-preview:large, max-snippet:-1, max-video-preview:-1","description=Order youth basketball jerseys in Florida with premium fabric, custom designs, and fast turnaround for teams, schools, and leagues. | image=http://floridabasketballjerseys.com/wp-content/uploads/2026/02/Youth-Basketball-Jerseys-Court.jpg | locale=en_US | site_name=Florida Basktetball Jerseys | title=Custom Youth Basketball Jerseys Florida | Florida Basketball Jerseys | type=article | url=https://floridabasketballjerseys.com/product/youth-basketball-jerseys/",card=summary_large_image,Youth Basketball Jerseys,What Is aSublimatedBasketball Jersey? || Full CustomisationOptions || Fabric &amp; Construction Details || Jersey Size Guide || Who This Jersey IsBest For || Related products || Short Sleeve Basketball Jerseys || Blank Basketball Jerseys || Mesh Basketball Jerseys || Sublimated Basketball Jerseys,16,"LocalBusiness,Product",106,0,13,4,1,4,32
https://floridabasketballjerseys.com/product/youth-basketball-uniforms/,sitemap,0,0,200,Custom Youth Basketball Uniforms Florida | Florida Basketball Jerseys,"Order youth basketball uniforms in Florida with premium fabric, custom designs, and fast turnaround for teams, schools, and leagues.",https://floridabasketballjerseys.com/product/youth-basketball-uniforms/,"index, follow, max-image-preview:large, max-snippet:-1, max-video-preview:-1","description=Order youth basketball uniforms in Florida with premium fabric, custom designs, and fast turnaround for teams, schools, and leagues. | image=http://floridabasketballjerseys.com/wp-content/uploads/2026/02/Youth-Sportswear-Indoor-Frame.jpg | locale=en_US | site_name=Florida Basktetball Jerseys | title=Custom Youth Basketball Uniforms Florida | Florida Basketball Jerseys | type=article | url=https://floridabasketballjerseys.com/product/youth-basketball-uniforms/",card=summary_large_image,Youth Basketball Uniforms,What Is aSublimatedBasketball Jersey? || Full CustomisationOptions || Fabric &amp; Construction Details || Jersey Size Guide || Who This Jersey IsBest For || Related products || Reversible Basketball Uniforms || Women Basketball Uniforms || Men Basketball Uniforms,16,"LocalBusiness,Product",104,0,12,4,1,4,32
https://floridabasketballjerseys.com/product/youth-practice-basketball-jerseys/,sitemap,0,0,200,Custom Youth Practice Basketball Jerseys Florida | Florida Basketball Jerseys,"Order youth practice basketball jerseys in Florida with premium fabric, custom designs, and fast turnaround for teams, schools, and leagues.",https://floridabasketballjerseys.com/product/youth-practice-basketball-jerseys/,"index, follow, max-image-preview:large, max-snippet:-1, max-video-preview:-1","description=Order youth practice basketball jerseys in Florida with premium fabric, custom designs, and fast turnaround for teams, schools, and leagues. | image=http://floridabasketballjerseys.com/wp-content/uploads/2026/02/Junior-Practice-Jersey-Session.jpg | locale=en_US | site_name=Florida Basktetball Jerseys | title=Custom Youth Practice Basketball Jerseys Florida | Florida Basketball Jerseys | type=article | url=https://floridabasketballjerseys.com/product/youth-practice-basketball-jerseys/",card=summary_large_image,Youth Practice Basketball Jerseys,What Is aSublimatedBasketball Jersey? || Full CustomisationOptions || Fabric &amp; Construction Details || Jersey Size Guide || Who This Jersey IsBest For || Related products || Basketball Training Jerseys || Basketball Practice Jerseys,16,"LocalBusiness,Product",102,0,11,4,1,4,32
https://floridabasketballjerseys.com/refund-policy/,"sitemap, gsc",0.0,1.0,200,Refund Policy - Florida Basktetball Jerseys,,https://floridabasketballjerseys.com/refund-policy/,"index, follow, max-image-preview:large, max-snippet:-1, max-video-preview:-1","description=Home › Refund Policy Legal Document RefundPolicy Last updated: January 1, 2025 Effective: January 1, 2025 Florida Basketball Jerseys — Orlando, FL Our Errors = Full Remedy Production mistakes are our responsibility — always Proof Approval is Final Approved proofs cannot be changed after production starts No Returns on Custom Orders Custom-made items cannot be [&hellip;] | locale=en_US | site_name=Florida Basktetball Jerseys | title=Refund Policy - Florida Basktetball Jerseys | type=article | url=https://floridabasketballjerseys.com/refund-policy/",card=summary_large_image | data1=15 minutes | label1=Est. reading time,RefundPolicy,Our Core Commitment || What Is &amp; Isn't Eligible for a Refund || How to Submit a Refund or Reprint Request || Refund Methods &amp; Timelines || Order Cancellations || Proof Approval Responsibility || Shipping-Related Issues || Contact Us About Your Order,0,LocalBusiness,93,0,0,0,0,0,27
https://floridabasketballjerseys.com/search/,navigation/internal,0,0,200,You searched for mesh - Florida Basktetball Jerseys,,,"noindex, follow",locale=en_US | site_name=Florida Basktetball Jerseys | title=You searched for mesh - Florida Basktetball Jerseys | type=article | url=https://floridabasketballjerseys.com/search/mesh/,card=summary_large_image | title=You searched for mesh - Florida Basktetball Jerseys,Search results: &ldquo;mesh&rdquo;,Mesh Basketball Tank Top || Mesh Basketball Shorts || Mesh Basketball Jerseys,0,"ItemList,LocalBusiness",87,0,3,0,2,6,27
https://floridabasketballjerseys.com/shipping-policy/,"sitemap, gsc",0.0,1.0,200,Shipping Policy - Florida Basktetball Jerseys,,https://floridabasketballjerseys.com/shipping-policy/,"index, follow, max-image-preview:large, max-snippet:-1, max-video-preview:-1","description=Home › Shipping Policy Shipping Information ShippingPolicy Last updated: January 1, 2025 Effective: January 1, 2025 Florida Basketball Jerseys — Orlando, FL Free Shipping on all US orders — no minimum All 50 US states covered — including Florida 24 hrs Quote response including delivery estimate Tracked Tracking number provided on every dispatch Deadline Tell [&hellip;] | locale=en_US | site_name=Florida Basktetball Jerseys | title=Shipping Policy - Florida Basktetball Jerseys | type=article | url=https://floridabasketballjerseys.com/shipping-policy/",card=summary_large_image | data1=16 minutes | label1=Est. reading time,ShippingPolicy,"Shipping Coverage &amp; Destinations || Understanding Your Total Timeline || Production Timelines by Order Type || Season Deadlines &amp; Rush Orders || Order Dispatch &amp; Tracking || Delivery Address &amp; Accuracy || Lost, Damaged, or Missing Orders || We Serve All of Florida || International Shipping || Contact Us About Your Shipment",0,LocalBusiness,94,0,0,0,0,0,27
https://floridabasketballjerseys.com/sitemap/,sitemap,0,0,200,Sitemap - Florida Basktetball Jerseys,,https://floridabasketballjerseys.com/sitemap/,"index, follow, max-image-preview:large, max-snippet:-1, max-video-preview:-1","description=Website Navigation Sitemap for Florida Basketball Jerseys Use this page to quickly explore our most important sections, product collections, policy pages, and support resources. It is designed to help both visitors and search engines navigate the site more efficiently, matching the same premium design language used on your contact page. :contentReference[oaicite:1]{index=1} Home Shop All Jerseys [&hellip;] | locale=en_US | site_name=Florida Basktetball Jerseys | title=Sitemap - Florida Basktetball Jerseys | type=article | url=https://floridabasketballjerseys.com/sitemap/",card=summary_large_image | data1=5 minutes | label1=Est. reading time,Sitemap for Florida Basketball Jerseys,Find the Right Page Faster,0,LocalBusiness,129,0,0,0,0,0,27
https://floridabasketballjerseys.com/terms-of-service/,"sitemap, gsc",0.0,1.0,200,Terms of Service - Florida Basktetball Jerseys,,https://floridabasketballjerseys.com/terms-of-service/,"index, follow, max-image-preview:large, max-snippet:-1, max-video-preview:-1","description=Home › Terms of Service Legal Document Terms ofService Last updated: January 1, 2025 Effective: January 1, 2025 Florida Basketball Jerseys — Orlando, FL Florida Basketball Jerseys — Terms of Service Last updated: January 1, 2025 Effective: January 1, 2025 Please read these Terms of Service carefully before using the website located at floridabasketballjerseys.com or [&hellip;] | locale=en_US | site_name=Florida Basktetball Jerseys | title=Terms of Service - Florida Basktetball Jerseys | type=article | url=https://floridabasketballjerseys.com/terms-of-service/",card=summary_large_image | data1=14 minutes | label1=Est. reading time,Terms ofService,"About Us &amp; Acceptance of Terms || Ordering Process &amp; Quote Requests || Pricing, Payment &amp; Invoicing || Custom &amp; Personalized Orders || Production &amp; Delivery Timelines || Intellectual Property &amp; Submitted Content || Website Use &amp; Prohibited Conduct || Limitation of Liability || Governing Law &amp; Dispute Resolution || Privacy &amp; Data || Indemnification || Severability &amp; Entire Agreement || Changes to These Terms || Contact Us About These Terms",0,LocalBusiness,94,0,0,0,0,0,27
https://floridabasketballjerseys.com/thank-you/,"sitemap, gsc",0.0,1.0,200,Thank You - Florida Basktetball Jerseys,,https://floridabasketballjerseys.com/thank-you/,"index, follow, max-image-preview:large, max-snippet:-1, max-video-preview:-1",description=Thank You Your quote request has been successfully submitted Your Quote Request Has Been Received Our team is reviewing your details and will send your custom quote shortly. You can expect a response within 24 hours. 1. Review Request We analyze your requirements and design details. 2. Prepare Quote Pricing and options are calculated for [&hellip;] | locale=en_US | site_name=Florida Basktetball Jerseys | title=Thank You - Florida Basktetball Jerseys | type=article | url=https://floridabasketballjerseys.com/thank-you/,card=summary_large_image | data1=2 minutes | label1=Est. reading time,Thank You,,0,LocalBusiness,84,0,0,0,0,0,27
